"","Subject","Word","RT","BaseFrequency","GenderCode","RT_raw_ms","RT_raw_s"
"1","pp1","basaalheid",6.69,3.56,1,804.322252143982,0.804322252143982
"2","pp1","markantheid",6.81,5.16,1,906.870806947572,0.906870806947572
"3","pp1","ontroerdheid",6.51,5.55,1,671.826417591094,0.671826417591094
"4","pp1","contentheid",6.58,4.5,1,720.53932924916,0.72053932924916
"5","pp1","riantheid",6.86,4.53,1,953.367067491184,0.953367067491184
"6","pp1","tembaarheid",6.35,0,1,572.492709013671,0.572492709013671
"7","pp1","onattentheid",6.69,1.61,1,804.322252143982,0.804322252143982
"8","pp1","bebrildheid",7.17,3.61,1,1299.84460280403,1.29984460280403
"9","pp1","geurloosheid",6.58,2.56,1,720.53932924916,0.72053932924916
"10","pp1","ovaalheid",6.98,5.86,1,1074.91836699577,1.07491836699577
"11","pp1","erkendheid",6.38,6.52,1,589.927707658469,0.589927707658469
"12","pp1","coulantheid",6.67,1.79,1,788.395604462632,0.788395604462632
"13","pp1","labielheid",6.71,4.38,1,820.570639450628,0.820570639450628
"14","pp1","visrijkheid",6.54,3.04,1,692.286578036492,0.692286578036492
"15","pp1","ondiepheid",6.32,5.66,1,555.572992451403,0.555572992451403
"16","pp1","onwelheid",7,3.97,1,1096.63315842846,1.09663315842846
"17","pp1","blusbaarheid",6.74,0,1,845.560735851037,0.845560735851037
"18","pp1","tilbaarheid",6.55,0,1,699.244173815885,0.699244173815885
"19","pp1","gammelheid",6.55,4.91,1,699.244173815885,0.699244173815885
"20","pp1","koketheid",6.85,4.79,1,943.880906671578,0.943880906671578
"21","pp1","ludiekheid",6.8,4.14,1,897.847291650418,0.897847291650418
"22","pp1","banaalheid",6.95,5.74,1,1043.1497281803,1.0431497281803
"23","pp1","bezweetheid",6.45,4.75,1,632.702292812254,0.632702292812254
"24","pp1","beschutheid",6.57,4.79,1,713.369843132868,0.713369843132868
"25","pp1","antiekheid",6.98,6.75,1,1074.91836699577,1.07491836699577
"26","pp1","pitloosheid",6.69,0,1,804.322252143982,0.804322252143982
"27","pp1","kalkrijkheid",7.07,3.14,1,1176.14803424917,1.17614803424917
"28","pp1","onbelastheid",6.58,3.18,1,720.53932924916,0.72053932924916
"29","pp1","beuheid",7.11,5.07,1,1224.14754609174,1.22414754609174
"30","pp1","dementheid",6.48,3.83,1,651.970946271172,0.651970946271172
"31","pp1","royaalheid",6.69,6.09,1,804.322252143982,0.804322252143982
"32","pp10","enormheid",6.17,8.42,1,478.186106089261,0.478186106089261
"33","pp10","markantheid",6.14,5.16,1,464.053570859276,0.464053570859276
"34","pp10","ontroerdheid",6.08,5.55,1,437.029194718391,0.437029194718391
"35","pp10","contentheid",6.61,4.5,1,742.483018716623,0.742483018716623
"36","pp10","riantheid",6.2,4.53,1,492.749041093256,0.492749041093256
"37","pp10","tembaarheid",6.44,0,1,626.406799811489,0.626406799811489
"38","pp10","onattentheid",6.69,1.61,1,804.322252143982,0.804322252143982
"39","pp10","bebrildheid",6.46,3.61,1,639.061056569553,0.639061056569553
"40","pp10","aftandsheid",6.98,4.2,1,1074.91836699577,1.07491836699577
"41","pp10","geurloosheid",6.3,2.56,1,544.571910125929,0.544571910125929
"42","pp10","ovaalheid",6.42,5.86,1,614.003114125552,0.614003114125552
"43","pp10","erkendheid",6.19,6.52,1,487.846106214441,0.487846106214441
"44","pp10","coulantheid",6.5,1.79,1,665.141633044362,0.665141633044362
"45","pp10","tilbaarheid",6.97,0,1,1064.22275053809,1.06422275053809
"46","pp10","gammelheid",6.98,4.91,1,1074.91836699577,1.07491836699577
"47","pp10","pipsheid",6.87,3.33,1,962.948565812014,0.962948565812014
"48","pp10","banaalheid",6.3,5.74,1,544.571910125929,0.544571910125929
"49","pp10","bezweetheid",6.19,4.75,1,487.846106214441,0.487846106214441
"50","pp10","beschutheid",6.5,4.79,1,665.141633044362,0.665141633044362
"51","pp10","pitloosheid",6.2,0,1,492.749041093256,0.492749041093256
"52","pp10","kortafheid",6.33,5.87,1,561.156593852991,0.561156593852991
"53","pp10","dementheid",6.68,3.83,1,796.319112015905,0.796319112015905
"54","pp10","royaalheid",6.51,6.09,1,671.826417591094,0.671826417591094
"55","pp11","riantheid",6.41,4.53,1,607.893681061474,0.607893681061474
"56","pp11","ovaalheid",6.43,5.86,1,620.173948012713,0.620173948012713
"57","pp11","aftandsheid",7.21,4.2,1,1352.89226737426,1.35289226737426
"58","pp11","tactvolheid",6.59,4.75,1,727.780869898828,0.727780869898828
"59","pp11","tembaarheid",6.39,0,1,595.856579688016,0.595856579688016
"60","pp11","summierheid",6.88,5.3,1,972.626359791884,0.972626359791884
"61","pp11","tilbaarheid",6.89,0,1,982.401417218259,0.982401417218259
"62","pp11","pitloosheid",6.41,0,1,607.893681061474,0.607893681061474
"63","pp11","labielheid",6.43,4.38,1,620.173948012713,0.620173948012713
"64","pp11","contentheid",6.22,4.5,1,502.703232020239,0.502703232020239
"65","pp11","saprijkheid",6.92,0,1,1012.31999453492,1.01231999453492
"66","pp11","dementheid",6.34,3.83,1,566.796311381596,0.566796311381596
"67","pp11","enormheid",6.59,8.42,1,727.780869898828,0.727780869898828
"68","pp11","royaalheid",6.26,6.09,1,523.218940108001,0.523218940108001
"69","pp11","jofelheid",6.32,3.33,1,555.572992451403,0.555572992451403
"70","pp11","blusbaarheid",7.11,0,1,1224.14754609174,1.22414754609174
"71","pp11","basaalheid",6.57,3.56,1,713.369843132868,0.713369843132868
"72","pp11","kalkrijkheid",6.63,3.14,1,757.482170641809,0.757482170641809
"73","pp11","kortafheid",6.33,5.87,1,561.156593852991,0.561156593852991
"74","pp11","ontroerdheid",6.47,5.55,1,645.483726965062,0.645483726965062
"75","pp11","banaalheid",6.61,5.74,1,742.483018716623,0.742483018716623
"76","pp11","erkendheid",6.51,6.52,1,671.826417591094,0.671826417591094
"77","pp11","coulantheid",6.53,1.79,1,685.398211491809,0.685398211491809
"78","pp11","geurloosheid",6.25,2.56,1,518.012824668342,0.518012824668342
"79","pp11","ondiepheid",6.11,5.66,1,450.338715167621,0.450338715167621
"80","pp11","onwelheid",6.67,3.97,1,788.395604462632,0.788395604462632
"81","pp11","gammelheid",6.72,4.91,1,828.81751148147,0.82881751148147
"82","pp12","ondiepheid",6.54,5.66,1,692.286578036492,0.692286578036492
"83","pp12","royaalheid",6.61,6.09,1,742.483018716623,0.742483018716623
"84","pp12","antiekheid",6.88,6.75,1,972.626359791884,0.972626359791884
"85","pp12","beschutheid",6.94,4.79,1,1032.7702149604,1.0327702149604
"86","pp12","gammelheid",6.93,4.91,1,1022.49397962264,1.02249397962264
"87","pp12","onattentheid",6.71,1.61,1,820.570639450628,0.820570639450628
"88","pp12","tembaarheid",6.76,0,1,862.642195789237,0.862642195789237
"89","pp12","erkendheid",6.46,6.52,1,639.061056569553,0.639061056569553
"90","pp12","riantheid",6.78,4.53,1,880.068724107803,0.880068724107803
"91","pp12","kortafheid",6.87,5.87,1,962.948565812014,0.962948565812014
"92","pp12","labielheid",6.92,4.38,1,1012.31999453492,1.01231999453492
"93","pp12","ontroerdheid",6.67,5.55,1,788.395604462632,0.788395604462632
"94","pp13","enormheid",6.82,8.42,1,915.98501008115,0.91598501008115
"95","pp13","markantheid",6.99,5.16,1,1085.72147618592,1.08572147618592
"96","pp13","ontroerdheid",6.42,5.55,1,614.003114125552,0.614003114125552
"97","pp13","lobbigheid",6.85,0,1,943.880906671578,0.943880906671578
"98","pp13","contentheid",6.7,4.5,1,812.405825167543,0.812405825167543
"99","pp13","riantheid",6.79,4.53,1,888.913561830637,0.888913561830637
"100","pp13","tembaarheid",7,0,1,1096.63315842846,1.09663315842846
"101","pp13","onattentheid",6.68,1.61,1,796.319112015905,0.796319112015905
"102","pp13","bebrildheid",6.86,3.61,1,953.367067491184,0.953367067491184
"103","pp13","geurloosheid",6.75,2.56,1,854.058762526152,0.854058762526152
"104","pp13","erkendheid",7.2,6.52,1,1339.43076439442,1.33943076439442
"105","pp13","labielheid",6.53,4.38,1,685.398211491809,0.685398211491809
"106","pp13","visrijkheid",6.83,3.04,1,925.190812479059,0.925190812479059
"107","pp13","ondiepheid",7.33,5.66,1,1525.38177199056,1.52538177199056
"108","pp13","onwelheid",6.86,3.97,1,953.367067491184,0.953367067491184
"109","pp13","blusbaarheid",7.08,0,1,1187.96851850909,1.18796851850909
"110","pp13","tilbaarheid",7.04,0,1,1141.38760662897,1.14138760662897
"111","pp13","koketheid",6.85,4.79,1,943.880906671578,0.943880906671578
"112","pp13","ludiekheid",6.72,4.14,1,828.81751148147,0.82881751148147
"113","pp13","pipsheid",6.57,3.33,1,713.369843132868,0.713369843132868
"114","pp13","banaalheid",6.68,5.74,1,796.319112015905,0.796319112015905
"115","pp13","bezweetheid",6.9,4.75,1,992.274715605026,0.992274715605026
"116","pp13","beschutheid",6.95,4.79,1,1043.1497281803,1.0431497281803
"117","pp13","tactvolheid",6.37,4.75,1,584.057828891295,0.584057828891295
"118","pp13","jofelheid",6.42,3.33,1,614.003114125552,0.614003114125552
"119","pp13","pitloosheid",6.42,0,1,614.003114125552,0.614003114125552
"120","pp13","onbelastheid",6.57,3.18,1,713.369843132868,0.713369843132868
"121","pp13","saprijkheid",7.1,0,1,1211.96707449258,1.21196707449258
"122","pp13","beuheid",6.8,5.07,1,897.847291650418,0.897847291650418
"123","pp13","dementheid",6.77,3.83,1,871.311893990772,0.871311893990772
"124","pp13","royaalheid",6.45,6.09,1,632.702292812254,0.632702292812254
"125","pp14","riantheid",6.61,4.53,1,742.483018716623,0.742483018716623
"126","pp14","beuheid",6.25,5.07,1,518.012824668342,0.518012824668342
"127","pp14","ovaalheid",6.39,5.86,1,595.856579688016,0.595856579688016
"128","pp14","aftandsheid",6.32,4.2,1,555.572992451403,0.555572992451403
"129","pp14","beschutheid",6.22,4.79,1,502.703232020239,0.502703232020239
"130","pp14","tactvolheid",6.2,4.75,1,492.749041093256,0.492749041093256
"131","pp14","tembaarheid",6.21,0,1,497.701251286807,0.497701251286807
"132","pp14","summierheid",6.61,5.3,1,742.483018716623,0.742483018716623
"133","pp14","tilbaarheid",6.89,0,1,982.401417218259,0.982401417218259
"134","pp14","pitloosheid",6.46,0,1,639.061056569553,0.639061056569553
"135","pp14","labielheid",6.34,4.38,1,566.796311381596,0.566796311381596
"136","pp14","contentheid",6.17,4.5,1,478.186106089261,0.478186106089261
"137","pp14","dementheid",6.25,3.83,1,518.012824668342,0.518012824668342
"138","pp14","enormheid",6.39,8.42,1,595.856579688016,0.595856579688016
"139","pp14","bebrildheid",6.71,3.61,1,820.570639450628,0.820570639450628
"140","pp14","royaalheid",6.45,6.09,1,632.702292812254,0.632702292812254
"141","pp14","jofelheid",6.61,3.33,1,742.483018716623,0.742483018716623
"142","pp14","blusbaarheid",6.5,0,1,665.141633044362,0.665141633044362
"143","pp14","basaalheid",6.07,3.56,1,432.680681574476,0.432680681574476
"144","pp14","kalkrijkheid",6.19,3.14,1,487.846106214441,0.487846106214441
"145","pp14","kortafheid",6.21,5.87,1,497.701251286807,0.497701251286807
"146","pp14","ontroerdheid",6.26,5.55,1,523.218940108001,0.523218940108001
"147","pp14","lobbigheid",6.45,0,1,632.702292812254,0.632702292812254
"148","pp14","banaalheid",6.42,5.74,1,614.003114125552,0.614003114125552
"149","pp14","erkendheid",6.26,6.52,1,523.218940108001,0.523218940108001
"150","pp14","coulantheid",6.33,1.79,1,561.156593852991,0.561156593852991
"151","pp14","geurloosheid",6.61,2.56,1,742.483018716623,0.742483018716623
"152","pp14","antiekheid",6.3,6.75,1,544.571910125929,0.544571910125929
"153","pp14","ludiekheid",6.58,4.14,1,720.53932924916,0.72053932924916
"154","pp14","ondiepheid",6.17,5.66,1,478.186106089261,0.478186106089261
"155","pp14","markantheid",6.28,5.16,1,533.788663825561,0.533788663825561
"156","pp14","pipsheid",6.29,3.33,1,539.153329084643,0.539153329084643
"157","pp14","bezweetheid",6.23,4.75,1,507.755483495794,0.507755483495794
"158","pp14","onbelastheid",6.48,3.18,1,651.970946271172,0.651970946271172
"159","pp14","koketheid",6.23,4.79,1,507.755483495794,0.507755483495794
"160","pp14","onattentheid",6.37,1.61,1,584.057828891295,0.584057828891295
"161","pp14","onwelheid",6.23,3.97,1,507.755483495794,0.507755483495794
"162","pp14","visrijkheid",6.26,3.04,1,523.218940108001,0.523218940108001
"163","pp14","gammelheid",6.21,4.91,1,497.701251286807,0.497701251286807
"164","pp15","koketheid",6.46,4.79,1,639.061056569553,0.639061056569553
"165","pp15","bezweetheid",6.69,4.75,1,804.322252143982,0.804322252143982
"166","pp15","ondiepheid",6.43,5.66,1,620.173948012713,0.620173948012713
"167","pp15","royaalheid",6.4,6.09,1,601.845037872082,0.601845037872082
"168","pp15","antiekheid",6.76,6.75,1,862.642195789237,0.862642195789237
"169","pp15","beschutheid",6.75,4.79,1,854.058762526152,0.854058762526152
"170","pp15","gammelheid",6.78,4.91,1,880.068724107803,0.880068724107803
"171","pp15","tactvolheid",6.45,4.75,1,632.702292812254,0.632702292812254
"172","pp15","onattentheid",6.48,1.61,1,651.970946271172,0.651970946271172
"173","pp15","tembaarheid",6.69,0,1,804.322252143982,0.804322252143982
"174","pp15","contentheid",6.54,4.5,1,692.286578036492,0.692286578036492
"175","pp15","erkendheid",6.34,6.52,1,566.796311381596,0.566796311381596
"176","pp15","riantheid",7.31,4.53,1,1495.17718919145,1.49517718919145
"177","pp15","beuheid",6.6,5.07,1,735.095189241973,0.735095189241973
"178","pp15","dementheid",6.52,3.83,1,678.578385339442,0.678578385339442
"179","pp15","banaalheid",6.9,5.74,1,992.274715605026,0.992274715605026
"180","pp15","blusbaarheid",6.49,0,1,658.523363215221,0.658523363215221
"181","pp15","basaalheid",6.69,3.56,1,804.322252143982,0.804322252143982
"182","pp15","ludiekheid",6.78,4.14,1,880.068724107803,0.880068724107803
"183","pp15","ovaalheid",6.6,5.86,1,735.095189241973,0.735095189241973
"184","pp15","visrijkheid",6.52,3.04,1,678.578385339442,0.678578385339442
"185","pp15","pitloosheid",6.5,0,1,665.141633044362,0.665141633044362
"186","pp15","jofelheid",6.53,3.33,1,685.398211491809,0.685398211491809
"187","pp15","kalkrijkheid",6.54,3.14,1,692.286578036492,0.692286578036492
"188","pp15","coulantheid",6.78,1.79,1,880.068724107803,0.880068724107803
"189","pp15","ontroerdheid",6.47,5.55,1,645.483726965062,0.645483726965062
"190","pp15","markantheid",7.15,5.16,1,1274.10595517345,1.27410595517345
"191","pp15","summierheid",6.71,5.3,1,820.570639450628,0.820570639450628
"192","pp15","enormheid",6.45,8.42,1,632.702292812254,0.632702292812254
"193","pp15","onwelheid",6.41,3.97,1,607.893681061474,0.607893681061474
"194","pp15","tilbaarheid",6.4,0,1,601.845037872082,0.601845037872082
"195","pp15","geurloosheid",6.42,2.56,1,614.003114125552,0.614003114125552
"196","pp15","pipsheid",6.78,3.33,1,880.068724107803,0.880068724107803
"197","pp15","aftandsheid",6.4,4.2,1,601.845037872082,0.601845037872082
"198","pp16","enormheid",6.31,8.42,1,550.044948812039,0.550044948812039
"199","pp16","basaalheid",6.61,3.56,1,742.483018716623,0.742483018716623
"200","pp16","markantheid",6.3,5.16,1,544.571910125929,0.544571910125929
"201","pp16","ontroerdheid",6.52,5.55,1,678.578385339442,0.678578385339442
"202","pp16","lobbigheid",6.44,0,1,626.406799811489,0.626406799811489
"203","pp16","contentheid",6.45,4.5,1,632.702292812254,0.632702292812254
"204","pp16","riantheid",6.33,4.53,1,561.156593852991,0.561156593852991
"205","pp16","tembaarheid",6.42,0,1,614.003114125552,0.614003114125552
"206","pp16","onattentheid",6.23,1.61,1,507.755483495794,0.507755483495794
"207","pp16","bebrildheid",6.26,3.61,1,523.218940108001,0.523218940108001
"208","pp16","aftandsheid",6.73,4.2,1,837.147265954143,0.837147265954143
"209","pp16","geurloosheid",6.5,2.56,1,665.141633044362,0.665141633044362
"210","pp16","ovaalheid",6.26,5.86,1,523.218940108001,0.523218940108001
"211","pp16","erkendheid",6.32,6.52,1,555.572992451403,0.555572992451403
"212","pp16","coulantheid",6.34,1.79,1,566.796311381596,0.566796311381596
"213","pp16","labielheid",6.37,4.38,1,584.057828891295,0.584057828891295
"214","pp16","visrijkheid",6.42,3.04,1,614.003114125552,0.614003114125552
"215","pp16","ondiepheid",6.47,5.66,1,645.483726965062,0.645483726965062
"216","pp16","onwelheid",6.42,3.97,1,614.003114125552,0.614003114125552
"217","pp16","blusbaarheid",6.67,0,1,788.395604462632,0.788395604462632
"218","pp16","tilbaarheid",6.52,0,1,678.578385339442,0.678578385339442
"219","pp16","gammelheid",6.35,4.91,1,572.492709013671,0.572492709013671
"220","pp16","koketheid",6.47,4.79,1,645.483726965062,0.645483726965062
"221","pp16","ludiekheid",6.33,4.14,1,561.156593852991,0.561156593852991
"222","pp16","pipsheid",6.27,3.33,1,528.477377877687,0.528477377877687
"223","pp16","banaalheid",6.5,5.74,1,665.141633044362,0.665141633044362
"224","pp16","bezweetheid",6.57,4.75,1,713.369843132868,0.713369843132868
"225","pp16","beschutheid",6.3,4.79,1,544.571910125929,0.544571910125929
"226","pp16","antiekheid",6.19,6.75,1,487.846106214441,0.487846106214441
"227","pp16","tactvolheid",6.51,4.75,1,671.826417591094,0.671826417591094
"228","pp16","jofelheid",6.23,3.33,1,507.755483495794,0.507755483495794
"229","pp16","pitloosheid",6.55,0,1,699.244173815885,0.699244173815885
"230","pp16","summierheid",6.5,5.3,1,665.141633044362,0.665141633044362
"231","pp16","kalkrijkheid",6.39,3.14,1,595.856579688016,0.595856579688016
"232","pp16","onbelastheid",6.23,3.18,1,507.755483495794,0.507755483495794
"233","pp16","kortafheid",6.36,5.87,1,578.246356393727,0.578246356393727
"234","pp16","saprijkheid",6.23,0,1,507.755483495794,0.507755483495794
"235","pp16","beuheid",6.34,5.07,1,566.796311381596,0.566796311381596
"236","pp16","dementheid",6.19,3.83,1,487.846106214441,0.487846106214441
"237","pp16","royaalheid",6.26,6.09,1,523.218940108001,0.523218940108001
"238","pp17","riantheid",6.79,4.53,1,888.913561830637,0.888913561830637
"239","pp17","beuheid",6.92,5.07,1,1012.31999453492,1.01231999453492
"240","pp17","ovaalheid",6.39,5.86,1,595.856579688016,0.595856579688016
"241","pp17","beschutheid",6.63,4.79,1,757.482170641809,0.757482170641809
"242","pp17","tactvolheid",7.07,4.75,1,1176.14803424917,1.17614803424917
"243","pp17","tembaarheid",7.1,0,1,1211.96707449258,1.21196707449258
"244","pp17","summierheid",7.06,5.3,1,1164.4451657728,1.1644451657728
"245","pp17","tilbaarheid",6.98,0,1,1074.91836699577,1.07491836699577
"246","pp17","labielheid",7.12,4.38,1,1236.45043346563,1.23645043346563
"247","pp17","contentheid",6.75,4.5,1,854.058762526152,0.854058762526152
"248","pp17","dementheid",6.74,3.83,1,845.560735851037,0.845560735851037
"249","pp17","enormheid",7.21,8.42,1,1352.89226737426,1.35289226737426
"250","pp17","royaalheid",7.13,6.09,1,1248.87696691326,1.24887696691326
"251","pp17","jofelheid",7.04,3.33,1,1141.38760662897,1.14138760662897
"252","pp17","basaalheid",7.26,3.56,1,1422.25653720118,1.42225653720118
"253","pp17","kalkrijkheid",7.24,3.14,1,1394.09397086646,1.39409397086646
"254","pp17","kortafheid",6.71,5.87,1,820.570639450628,0.820570639450628
"255","pp17","ontroerdheid",6.83,5.55,1,925.190812479059,0.925190812479059
"256","pp17","banaalheid",6.88,5.74,1,972.626359791884,0.972626359791884
"257","pp17","erkendheid",6.65,6.52,1,772.78432553515,0.77278432553515
"258","pp17","coulantheid",6.96,1.79,1,1053.63355724232,1.05363355724232
"259","pp17","geurloosheid",6.62,2.56,1,749.945097111882,0.749945097111882
"260","pp17","ondiepheid",7.34,5.66,1,1540.71211366621,1.54071211366621
"261","pp17","markantheid",6.72,5.16,1,828.81751148147,0.82881751148147
"262","pp17","bezweetheid",7.31,4.75,1,1495.17718919145,1.49517718919145
"263","pp17","koketheid",7.04,4.79,1,1141.38760662897,1.14138760662897
"264","pp17","onattentheid",6.92,1.61,1,1012.31999453492,1.01231999453492
"265","pp17","onwelheid",7.14,3.97,1,1261.4283890983,1.2614283890983
"266","pp18","koketheid",7.04,4.79,1,1141.38760662897,1.14138760662897
"267","pp18","bezweetheid",6.51,4.75,1,671.826417591094,0.671826417591094
"268","pp18","ondiepheid",6.65,5.66,1,772.78432553515,0.77278432553515
"269","pp18","saprijkheid",6.94,0,1,1032.7702149604,1.0327702149604
"270","pp18","royaalheid",6.99,6.09,1,1085.72147618592,1.08572147618592
"271","pp18","antiekheid",6.32,6.75,1,555.572992451403,0.555572992451403
"272","pp18","beschutheid",6.94,4.79,1,1032.7702149604,1.0327702149604
"273","pp18","gammelheid",6.45,4.91,1,632.702292812254,0.632702292812254
"274","pp18","tactvolheid",6.64,4.75,1,765.094993020038,0.765094993020038
"275","pp18","onattentheid",6.65,1.61,1,772.78432553515,0.77278432553515
"276","pp18","tembaarheid",6.52,0,1,678.578385339442,0.678578385339442
"277","pp18","contentheid",6.54,4.5,1,692.286578036492,0.692286578036492
"278","pp18","erkendheid",6.5,6.52,1,665.141633044362,0.665141633044362
"279","pp18","riantheid",6.87,4.53,1,962.948565812014,0.962948565812014
"280","pp18","beuheid",6.76,5.07,1,862.642195789237,0.862642195789237
"281","pp18","banaalheid",6.84,5.74,1,934.48913472921,0.93448913472921
"282","pp18","kortafheid",6.74,5.87,1,845.560735851037,0.845560735851037
"283","pp18","blusbaarheid",6.6,0,1,735.095189241973,0.735095189241973
"284","pp18","basaalheid",6.6,3.56,1,735.095189241973,0.735095189241973
"285","pp18","ovaalheid",6.41,5.86,1,607.893681061474,0.607893681061474
"286","pp18","visrijkheid",6.32,3.04,1,555.572992451403,0.555572992451403
"287","pp18","labielheid",6.6,4.38,1,735.095189241973,0.735095189241973
"288","pp18","onbelastheid",6.8,3.18,1,897.847291650418,0.897847291650418
"289","pp18","pitloosheid",6.67,0,1,788.395604462632,0.788395604462632
"290","pp18","jofelheid",6.69,3.33,1,804.322252143982,0.804322252143982
"291","pp18","kalkrijkheid",6.69,3.14,1,804.322252143982,0.804322252143982
"292","pp18","coulantheid",6.66,1.79,1,780.550937126804,0.780550937126804
"293","pp18","ontroerdheid",6.49,5.55,1,658.523363215221,0.658523363215221
"294","pp18","bebrildheid",6.71,3.61,1,820.570639450628,0.820570639450628
"295","pp18","markantheid",6.45,5.16,1,632.702292812254,0.632702292812254
"296","pp18","summierheid",6.51,5.3,1,671.826417591094,0.671826417591094
"297","pp18","enormheid",6.37,8.42,1,584.057828891295,0.584057828891295
"298","pp18","onwelheid",6.65,3.97,1,772.78432553515,0.77278432553515
"299","pp18","tilbaarheid",6.46,0,1,639.061056569553,0.639061056569553
"300","pp18","geurloosheid",6.48,2.56,1,651.970946271172,0.651970946271172
"301","pp18","pipsheid",6.46,3.33,1,639.061056569553,0.639061056569553
"302","pp18","aftandsheid",6.7,4.2,1,812.405825167543,0.812405825167543
"303","pp19","enormheid",6.86,8.42,1,953.367067491184,0.953367067491184
"304","pp19","basaalheid",6.7,3.56,1,812.405825167543,0.812405825167543
"305","pp19","markantheid",6.63,5.16,1,757.482170641809,0.757482170641809
"306","pp19","ontroerdheid",6.6,5.55,1,735.095189241973,0.735095189241973
"307","pp19","lobbigheid",6.63,0,1,757.482170641809,0.757482170641809
"308","pp19","contentheid",6.51,4.5,1,671.826417591094,0.671826417591094
"309","pp19","riantheid",6.57,4.53,1,713.369843132868,0.713369843132868
"310","pp19","tembaarheid",6.34,0,1,566.796311381596,0.566796311381596
"311","pp19","onattentheid",6.61,1.61,1,742.483018716623,0.742483018716623
"312","pp19","bebrildheid",6.55,3.61,1,699.244173815885,0.699244173815885
"313","pp19","aftandsheid",6.85,4.2,1,943.880906671578,0.943880906671578
"314","pp19","geurloosheid",6.52,2.56,1,678.578385339442,0.678578385339442
"315","pp19","ovaalheid",6.42,5.86,1,614.003114125552,0.614003114125552
"316","pp19","erkendheid",6.68,6.52,1,796.319112015905,0.796319112015905
"317","pp19","coulantheid",6.56,1.79,1,706.271694595366,0.706271694595366
"318","pp19","labielheid",6.62,4.38,1,749.945097111882,0.749945097111882
"319","pp19","visrijkheid",6.58,3.04,1,720.53932924916,0.72053932924916
"320","pp19","ondiepheid",6.34,5.66,1,566.796311381596,0.566796311381596
"321","pp19","onwelheid",6.46,3.97,1,639.061056569553,0.639061056569553
"322","pp19","blusbaarheid",6.53,0,1,685.398211491809,0.685398211491809
"323","pp19","tilbaarheid",6.52,0,1,678.578385339442,0.678578385339442
"324","pp19","gammelheid",6.64,4.91,1,765.094993020038,0.765094993020038
"325","pp19","koketheid",6.49,4.79,1,658.523363215221,0.658523363215221
"326","pp19","ludiekheid",6.6,4.14,1,735.095189241973,0.735095189241973
"327","pp19","pipsheid",6.52,3.33,1,678.578385339442,0.678578385339442
"328","pp19","banaalheid",6.55,5.74,1,699.244173815885,0.699244173815885
"329","pp19","bezweetheid",6.52,4.75,1,678.578385339442,0.678578385339442
"330","pp19","beschutheid",6.68,4.79,1,796.319112015905,0.796319112015905
"331","pp19","tactvolheid",6.64,4.75,1,765.094993020038,0.765094993020038
"332","pp19","jofelheid",6.73,3.33,1,837.147265954143,0.837147265954143
"333","pp19","pitloosheid",6.38,0,1,589.927707658469,0.589927707658469
"334","pp19","summierheid",6.61,5.3,1,742.483018716623,0.742483018716623
"335","pp19","kalkrijkheid",6.55,3.14,1,699.244173815885,0.699244173815885
"336","pp19","onbelastheid",6.58,3.18,1,720.53932924916,0.72053932924916
"337","pp19","kortafheid",6.49,5.87,1,658.523363215221,0.658523363215221
"338","pp19","saprijkheid",6.58,0,1,720.53932924916,0.72053932924916
"339","pp19","beuheid",6.85,5.07,1,943.880906671578,0.943880906671578
"340","pp19","dementheid",6.58,3.83,1,720.53932924916,0.72053932924916
"341","pp19","royaalheid",6.46,6.09,1,639.061056569553,0.639061056569553
"342","pp2","riantheid",6.49,4.53,1,658.523363215221,0.658523363215221
"343","pp2","beuheid",6.54,5.07,1,692.286578036492,0.692286578036492
"344","pp2","ovaalheid",6.18,5.86,1,482.991956352786,0.482991956352786
"345","pp2","aftandsheid",6.56,4.2,1,706.271694595366,0.706271694595366
"346","pp2","beschutheid",6.35,4.79,1,572.492709013671,0.572492709013671
"347","pp2","tactvolheid",6.17,4.75,1,478.186106089261,0.478186106089261
"348","pp2","tembaarheid",6.26,0,1,523.218940108001,0.523218940108001
"349","pp2","summierheid",6.36,5.3,1,578.246356393727,0.578246356393727
"350","pp2","tilbaarheid",6.22,0,1,502.703232020239,0.502703232020239
"351","pp2","pitloosheid",6.34,0,1,566.796311381596,0.566796311381596
"352","pp2","labielheid",6.48,4.38,1,651.970946271172,0.651970946271172
"353","pp2","contentheid",6.23,4.5,1,507.755483495794,0.507755483495794
"354","pp2","saprijkheid",6.72,0,1,828.81751148147,0.82881751148147
"355","pp2","dementheid",6.23,3.83,1,507.755483495794,0.507755483495794
"356","pp2","enormheid",6.33,8.42,1,561.156593852991,0.561156593852991
"357","pp2","bebrildheid",6.48,3.61,1,651.970946271172,0.651970946271172
"358","pp2","royaalheid",6.37,6.09,1,584.057828891295,0.584057828891295
"359","pp2","jofelheid",6.17,3.33,1,478.186106089261,0.478186106089261
"360","pp2","blusbaarheid",6.53,0,1,685.398211491809,0.685398211491809
"361","pp2","basaalheid",6.15,3.56,1,468.717386782417,0.468717386782417
"362","pp2","kalkrijkheid",6.25,3.14,1,518.012824668342,0.518012824668342
"363","pp2","kortafheid",6.22,5.87,1,502.703232020239,0.502703232020239
"364","pp2","ontroerdheid",6.4,5.55,1,601.845037872082,0.601845037872082
"365","pp2","lobbigheid",7.34,0,1,1540.71211366621,1.54071211366621
"366","pp2","banaalheid",6.33,5.74,1,561.156593852991,0.561156593852991
"367","pp2","erkendheid",6.48,6.52,1,651.970946271172,0.651970946271172
"368","pp2","coulantheid",6.31,1.79,1,550.044948812039,0.550044948812039
"369","pp2","geurloosheid",6.25,2.56,1,518.012824668342,0.518012824668342
"370","pp2","antiekheid",6.04,6.75,1,419.893034886675,0.419893034886675
"371","pp2","ludiekheid",6.67,4.14,1,788.395604462632,0.788395604462632
"372","pp2","ondiepheid",6.1,5.66,1,445.857770082517,0.445857770082517
"373","pp2","markantheid",6.26,5.16,1,523.218940108001,0.523218940108001
"374","pp2","pipsheid",6.45,3.33,1,632.702292812254,0.632702292812254
"375","pp2","bezweetheid",6.25,4.75,1,518.012824668342,0.518012824668342
"376","pp2","onbelastheid",6.46,3.18,1,639.061056569553,0.639061056569553
"377","pp2","koketheid",6.26,4.79,1,523.218940108001,0.523218940108001
"378","pp2","onattentheid",6.3,1.61,1,544.571910125929,0.544571910125929
"379","pp2","onwelheid",6.36,3.97,1,578.246356393727,0.578246356393727
"380","pp2","visrijkheid",6.33,3.04,1,561.156593852991,0.561156593852991
"381","pp2","gammelheid",6.36,4.91,1,578.246356393727,0.578246356393727
"382","pp20","riantheid",6.45,4.53,1,632.702292812254,0.632702292812254
"383","pp20","beuheid",6.71,5.07,1,820.570639450628,0.820570639450628
"384","pp20","ovaalheid",6.71,5.86,1,820.570639450628,0.820570639450628
"385","pp20","aftandsheid",6.72,4.2,1,828.81751148147,0.82881751148147
"386","pp20","beschutheid",6.3,4.79,1,544.571910125929,0.544571910125929
"387","pp20","tactvolheid",6.4,4.75,1,601.845037872082,0.601845037872082
"388","pp20","tembaarheid",6.46,0,1,639.061056569553,0.639061056569553
"389","pp20","summierheid",6.68,5.3,1,796.319112015905,0.796319112015905
"390","pp20","tilbaarheid",6.39,0,1,595.856579688016,0.595856579688016
"391","pp20","pitloosheid",6.73,0,1,837.147265954143,0.837147265954143
"392","pp20","labielheid",6.64,4.38,1,765.094993020038,0.765094993020038
"393","pp20","contentheid",6.36,4.5,1,578.246356393727,0.578246356393727
"394","pp20","saprijkheid",6.55,0,1,699.244173815885,0.699244173815885
"395","pp20","dementheid",6.47,3.83,1,645.483726965062,0.645483726965062
"396","pp20","royaalheid",6.59,6.09,1,727.780869898828,0.727780869898828
"397","pp20","blusbaarheid",6.62,0,1,749.945097111882,0.749945097111882
"398","pp20","basaalheid",6.52,3.56,1,678.578385339442,0.678578385339442
"399","pp20","ontroerdheid",6.62,5.55,1,749.945097111882,0.749945097111882
"400","pp20","banaalheid",6.54,5.74,1,692.286578036492,0.692286578036492
"401","pp20","erkendheid",6.4,6.52,1,601.845037872082,0.601845037872082
"402","pp20","geurloosheid",6.87,2.56,1,962.948565812014,0.962948565812014
"403","pp20","ludiekheid",7.04,4.14,1,1141.38760662897,1.14138760662897
"404","pp20","ondiepheid",6.95,5.66,1,1043.1497281803,1.0431497281803
"405","pp20","markantheid",6.66,5.16,1,780.550937126804,0.780550937126804
"406","pp20","bezweetheid",6.54,4.75,1,692.286578036492,0.692286578036492
"407","pp20","onbelastheid",6.68,3.18,1,796.319112015905,0.796319112015905
"408","pp20","koketheid",6.43,4.79,1,620.173948012713,0.620173948012713
"409","pp21","bezweetheid",6.58,4.75,2,720.53932924916,0.72053932924916
"410","pp21","royaalheid",7.02,6.09,2,1118.78661774649,1.11878661774649
"411","pp21","antiekheid",7.15,6.75,2,1274.10595517345,1.27410595517345
"412","pp21","beschutheid",6.4,4.79,2,601.845037872082,0.601845037872082
"413","pp21","gammelheid",6.89,4.91,2,982.401417218259,0.982401417218259
"414","pp21","tactvolheid",6.86,4.75,2,953.367067491184,0.953367067491184
"415","pp21","onattentheid",7.08,1.61,2,1187.96851850909,1.18796851850909
"416","pp21","tembaarheid",6.9,0,2,992.274715605026,0.992274715605026
"417","pp21","contentheid",6.96,4.5,2,1053.63355724232,1.05363355724232
"418","pp21","erkendheid",7.07,6.52,2,1176.14803424917,1.17614803424917
"419","pp21","riantheid",6.89,4.53,2,982.401417218259,0.982401417218259
"420","pp21","beuheid",7.04,5.07,2,1141.38760662897,1.14138760662897
"421","pp21","dementheid",6.58,3.83,2,720.53932924916,0.72053932924916
"422","pp21","banaalheid",7.08,5.74,2,1187.96851850909,1.18796851850909
"423","pp21","blusbaarheid",6.84,0,2,934.48913472921,0.93448913472921
"424","pp21","basaalheid",6.99,3.56,2,1085.72147618592,1.08572147618592
"425","pp21","ludiekheid",7.39,4.14,2,1619.70611293369,1.61970611293369
"426","pp21","ovaalheid",6.72,5.86,2,828.81751148147,0.82881751148147
"427","pp21","visrijkheid",6.58,3.04,2,720.53932924916,0.72053932924916
"428","pp21","lobbigheid",6.8,0,2,897.847291650418,0.897847291650418
"429","pp21","labielheid",6.72,4.38,2,828.81751148147,0.82881751148147
"430","pp21","onbelastheid",7.05,3.18,2,1152.85874278339,1.15285874278339
"431","pp21","pitloosheid",6.65,0,2,772.78432553515,0.77278432553515
"432","pp21","jofelheid",6.43,3.33,2,620.173948012713,0.620173948012713
"433","pp21","kalkrijkheid",6.54,3.14,2,692.286578036492,0.692286578036492
"434","pp21","coulantheid",6.8,1.79,2,897.847291650418,0.897847291650418
"435","pp21","ontroerdheid",6.81,5.55,2,906.870806947572,0.906870806947572
"436","pp21","markantheid",7.03,5.16,2,1130.03061018637,1.13003061018637
"437","pp21","summierheid",6.89,5.3,2,982.401417218259,0.982401417218259
"438","pp21","enormheid",6.64,8.42,2,765.094993020038,0.765094993020038
"439","pp21","tilbaarheid",6.8,0,2,897.847291650418,0.897847291650418
"440","pp21","geurloosheid",6.63,2.56,2,757.482170641809,0.757482170641809
"441","pp21","pipsheid",6.95,3.33,2,1043.1497281803,1.0431497281803
"442","pp22","enormheid",6.34,8.42,2,566.796311381596,0.566796311381596
"443","pp22","basaalheid",6.51,3.56,2,671.826417591094,0.671826417591094
"444","pp22","markantheid",6.56,5.16,2,706.271694595366,0.706271694595366
"445","pp22","ontroerdheid",6.33,5.55,2,561.156593852991,0.561156593852991
"446","pp22","lobbigheid",6.55,0,2,699.244173815885,0.699244173815885
"447","pp22","contentheid",6.66,4.5,2,780.550937126804,0.780550937126804
"448","pp22","riantheid",6.38,4.53,2,589.927707658469,0.589927707658469
"449","pp22","tembaarheid",6.74,0,2,845.560735851037,0.845560735851037
"450","pp22","onattentheid",6.32,1.61,2,555.572992451403,0.555572992451403
"451","pp22","bebrildheid",6.64,3.61,2,765.094993020038,0.765094993020038
"452","pp22","aftandsheid",6.88,4.2,2,972.626359791884,0.972626359791884
"453","pp22","geurloosheid",6.38,2.56,2,589.927707658469,0.589927707658469
"454","pp22","ovaalheid",6.57,5.86,2,713.369843132868,0.713369843132868
"455","pp22","erkendheid",6.29,6.52,2,539.153329084643,0.539153329084643
"456","pp22","coulantheid",6.46,1.79,2,639.061056569553,0.639061056569553
"457","pp22","labielheid",6.55,4.38,2,699.244173815885,0.699244173815885
"458","pp22","visrijkheid",6.56,3.04,2,706.271694595366,0.706271694595366
"459","pp22","ondiepheid",6.63,5.66,2,757.482170641809,0.757482170641809
"460","pp22","onwelheid",6.4,3.97,2,601.845037872082,0.601845037872082
"461","pp22","blusbaarheid",6.74,0,2,845.560735851037,0.845560735851037
"462","pp22","tilbaarheid",6.47,0,2,645.483726965062,0.645483726965062
"463","pp22","gammelheid",6.35,4.91,2,572.492709013671,0.572492709013671
"464","pp22","koketheid",6.77,4.79,2,871.311893990772,0.871311893990772
"465","pp22","ludiekheid",6.54,4.14,2,692.286578036492,0.692286578036492
"466","pp22","pipsheid",6.37,3.33,2,584.057828891295,0.584057828891295
"467","pp22","banaalheid",6.42,5.74,2,614.003114125552,0.614003114125552
"468","pp22","bezweetheid",6.42,4.75,2,614.003114125552,0.614003114125552
"469","pp22","beschutheid",6.47,4.79,2,645.483726965062,0.645483726965062
"470","pp22","antiekheid",6.63,6.75,2,757.482170641809,0.757482170641809
"471","pp22","tactvolheid",6.49,4.75,2,658.523363215221,0.658523363215221
"472","pp22","jofelheid",6.71,3.33,2,820.570639450628,0.820570639450628
"473","pp22","pitloosheid",6.54,0,2,692.286578036492,0.692286578036492
"474","pp22","summierheid",6.56,5.3,2,706.271694595366,0.706271694595366
"475","pp22","kalkrijkheid",6.46,3.14,2,639.061056569553,0.639061056569553
"476","pp22","onbelastheid",6.67,3.18,2,788.395604462632,0.788395604462632
"477","pp22","kortafheid",6.69,5.87,2,804.322252143982,0.804322252143982
"478","pp22","saprijkheid",6.33,0,2,561.156593852991,0.561156593852991
"479","pp22","beuheid",6.5,5.07,2,665.141633044362,0.665141633044362
"480","pp22","dementheid",6.6,3.83,2,735.095189241973,0.735095189241973
"481","pp22","royaalheid",6.28,6.09,2,533.788663825561,0.533788663825561
"482","pp23","riantheid",6.33,4.53,2,561.156593852991,0.561156593852991
"483","pp23","beuheid",6.36,5.07,2,578.246356393727,0.578246356393727
"484","pp23","aftandsheid",7.17,4.2,2,1299.84460280403,1.29984460280403
"485","pp23","beschutheid",6.32,4.79,2,555.572992451403,0.555572992451403
"486","pp23","tactvolheid",6.41,4.75,2,607.893681061474,0.607893681061474
"487","pp23","tembaarheid",7.39,0,2,1619.70611293369,1.61970611293369
"488","pp23","summierheid",7.45,5.3,2,1719.86314537592,1.71986314537592
"489","pp23","tilbaarheid",6.8,0,2,897.847291650418,0.897847291650418
"490","pp23","pitloosheid",6.86,0,2,953.367067491184,0.953367067491184
"491","pp23","labielheid",6.53,4.38,2,685.398211491809,0.685398211491809
"492","pp23","contentheid",6.77,4.5,2,871.311893990772,0.871311893990772
"493","pp23","saprijkheid",6.36,0,2,578.246356393727,0.578246356393727
"494","pp23","dementheid",6.41,3.83,2,607.893681061474,0.607893681061474
"495","pp23","enormheid",6.17,8.42,2,478.186106089261,0.478186106089261
"496","pp23","bebrildheid",7.21,3.61,2,1352.89226737426,1.35289226737426
"497","pp23","royaalheid",6.46,6.09,2,639.061056569553,0.639061056569553
"498","pp23","jofelheid",6.4,3.33,2,601.845037872082,0.601845037872082
"499","pp23","basaalheid",6.36,3.56,2,578.246356393727,0.578246356393727
"500","pp23","kalkrijkheid",6.38,3.14,2,589.927707658469,0.589927707658469
"501","pp23","kortafheid",6.3,5.87,2,544.571910125929,0.544571910125929
"502","pp23","ontroerdheid",6.28,5.55,2,533.788663825561,0.533788663825561
"503","pp23","lobbigheid",6.82,0,2,915.98501008115,0.91598501008115
"504","pp23","banaalheid",6.44,5.74,2,626.406799811489,0.626406799811489
"505","pp23","erkendheid",6.17,6.52,2,478.186106089261,0.478186106089261
"506","pp23","coulantheid",6.43,1.79,2,620.173948012713,0.620173948012713
"507","pp23","geurloosheid",6.83,2.56,2,925.190812479059,0.925190812479059
"508","pp23","antiekheid",6.31,6.75,2,550.044948812039,0.550044948812039
"509","pp23","ludiekheid",6.68,4.14,2,796.319112015905,0.796319112015905
"510","pp23","ondiepheid",6.7,5.66,2,812.405825167543,0.812405825167543
"511","pp23","markantheid",6.28,5.16,2,533.788663825561,0.533788663825561
"512","pp23","pipsheid",6.7,3.33,2,812.405825167543,0.812405825167543
"513","pp23","onbelastheid",6.73,3.18,2,837.147265954143,0.837147265954143
"514","pp23","koketheid",6.56,4.79,2,706.271694595366,0.706271694595366
"515","pp23","onattentheid",6.86,1.61,2,953.367067491184,0.953367067491184
"516","pp23","onwelheid",6.92,3.97,2,1012.31999453492,1.01231999453492
"517","pp23","visrijkheid",6.73,3.04,2,837.147265954143,0.837147265954143
"518","pp23","gammelheid",6.51,4.91,2,671.826417591094,0.671826417591094
"519","pp24","koketheid",6.47,4.79,2,645.483726965062,0.645483726965062
"520","pp24","bezweetheid",6.57,4.75,2,713.369843132868,0.713369843132868
"521","pp24","ondiepheid",6.93,5.66,2,1022.49397962264,1.02249397962264
"522","pp24","saprijkheid",7.22,0,2,1366.48906070825,1.36648906070825
"523","pp24","royaalheid",6.37,6.09,2,584.057828891295,0.584057828891295
"524","pp24","antiekheid",6.65,6.75,2,772.78432553515,0.77278432553515
"525","pp24","beschutheid",6.24,4.79,2,512.858510942829,0.512858510942829
"526","pp24","gammelheid",6.45,4.91,2,632.702292812254,0.632702292812254
"527","pp24","tactvolheid",6.57,4.75,2,713.369843132868,0.713369843132868
"528","pp24","onattentheid",6.8,1.61,2,897.847291650418,0.897847291650418
"529","pp24","tembaarheid",6.46,0,2,639.061056569553,0.639061056569553
"530","pp24","contentheid",6.36,4.5,2,578.246356393727,0.578246356393727
"531","pp24","erkendheid",6.45,6.52,2,632.702292812254,0.632702292812254
"532","pp24","riantheid",6.46,4.53,2,639.061056569553,0.639061056569553
"533","pp24","beuheid",6.8,5.07,2,897.847291650418,0.897847291650418
"534","pp24","dementheid",6.72,3.83,2,828.81751148147,0.82881751148147
"535","pp24","banaalheid",6.49,5.74,2,658.523363215221,0.658523363215221
"536","pp24","kortafheid",7.42,5.87,2,1669.03350774475,1.66903350774475
"537","pp24","blusbaarheid",6.8,0,2,897.847291650418,0.897847291650418
"538","pp24","basaalheid",6.43,3.56,2,620.173948012713,0.620173948012713
"539","pp24","ludiekheid",6.6,4.14,2,735.095189241973,0.735095189241973
"540","pp24","ovaalheid",6.88,5.86,2,972.626359791884,0.972626359791884
"541","pp24","visrijkheid",6.56,3.04,2,706.271694595366,0.706271694595366
"542","pp24","lobbigheid",6.54,0,2,692.286578036492,0.692286578036492
"543","pp24","labielheid",6.42,4.38,2,614.003114125552,0.614003114125552
"544","pp24","onbelastheid",6.56,3.18,2,706.271694595366,0.706271694595366
"545","pp24","pitloosheid",6.55,0,2,699.244173815885,0.699244173815885
"546","pp24","jofelheid",6.35,3.33,2,572.492709013671,0.572492709013671
"547","pp24","kalkrijkheid",6.84,3.14,2,934.48913472921,0.93448913472921
"548","pp24","coulantheid",6.46,1.79,2,639.061056569553,0.639061056569553
"549","pp24","ontroerdheid",6.8,5.55,2,897.847291650418,0.897847291650418
"550","pp24","bebrildheid",6.5,3.61,2,665.141633044362,0.665141633044362
"551","pp24","markantheid",6.57,5.16,2,713.369843132868,0.713369843132868
"552","pp24","summierheid",6.46,5.3,2,639.061056569553,0.639061056569553
"553","pp24","enormheid",6.32,8.42,2,555.572992451403,0.555572992451403
"554","pp24","onwelheid",7.15,3.97,2,1274.10595517345,1.27410595517345
"555","pp24","tilbaarheid",6.84,0,2,934.48913472921,0.93448913472921
"556","pp24","geurloosheid",6.76,2.56,2,862.642195789237,0.862642195789237
"557","pp24","pipsheid",6.38,3.33,2,589.927707658469,0.589927707658469
"558","pp24","aftandsheid",6.24,4.2,2,512.858510942829,0.512858510942829
"559","pp25","enormheid",6.14,8.42,2,464.053570859276,0.464053570859276
"560","pp25","basaalheid",6.44,3.56,2,626.406799811489,0.626406799811489
"561","pp25","markantheid",6.32,5.16,2,555.572992451403,0.555572992451403
"562","pp25","ontroerdheid",6.32,5.55,2,555.572992451403,0.555572992451403
"563","pp25","lobbigheid",6.38,0,2,589.927707658469,0.589927707658469
"564","pp25","contentheid",6.55,4.5,2,699.244173815885,0.699244173815885
"565","pp25","riantheid",6.27,4.53,2,528.477377877687,0.528477377877687
"566","pp25","tembaarheid",6.33,0,2,561.156593852991,0.561156593852991
"567","pp25","onattentheid",6.42,1.61,2,614.003114125552,0.614003114125552
"568","pp25","aftandsheid",6.43,4.2,2,620.173948012713,0.620173948012713
"569","pp25","geurloosheid",6.47,2.56,2,645.483726965062,0.645483726965062
"570","pp25","ovaalheid",6.44,5.86,2,626.406799811489,0.626406799811489
"571","pp25","erkendheid",6.18,6.52,2,482.991956352786,0.482991956352786
"572","pp25","coulantheid",6.22,1.79,2,502.703232020239,0.502703232020239
"573","pp25","labielheid",6.22,4.38,2,502.703232020239,0.502703232020239
"574","pp25","visrijkheid",6.21,3.04,2,497.701251286807,0.497701251286807
"575","pp25","ondiepheid",6.29,5.66,2,539.153329084643,0.539153329084643
"576","pp25","blusbaarheid",6.56,0,2,706.271694595366,0.706271694595366
"577","pp25","tilbaarheid",6.33,0,2,561.156593852991,0.561156593852991
"578","pp25","gammelheid",6.42,4.91,2,614.003114125552,0.614003114125552
"579","pp25","ludiekheid",6.62,4.14,2,749.945097111882,0.749945097111882
"580","pp25","pipsheid",6.58,3.33,2,720.53932924916,0.72053932924916
"581","pp25","banaalheid",6.23,5.74,2,507.755483495794,0.507755483495794
"582","pp25","bezweetheid",6.35,4.75,2,572.492709013671,0.572492709013671
"583","pp25","beschutheid",6.23,4.79,2,507.755483495794,0.507755483495794
"584","pp25","antiekheid",6.37,6.75,2,584.057828891295,0.584057828891295
"585","pp25","tactvolheid",6.32,4.75,2,555.572992451403,0.555572992451403
"586","pp25","jofelheid",6.43,3.33,2,620.173948012713,0.620173948012713
"587","pp25","pitloosheid",6.41,0,2,607.893681061474,0.607893681061474
"588","pp25","summierheid",6.56,5.3,2,706.271694595366,0.706271694595366
"589","pp25","kalkrijkheid",6.66,3.14,2,780.550937126804,0.780550937126804
"590","pp25","onbelastheid",7.13,3.18,2,1248.87696691326,1.24887696691326
"591","pp25","kortafheid",6.2,5.87,2,492.749041093256,0.492749041093256
"592","pp25","saprijkheid",6.2,0,2,492.749041093256,0.492749041093256
"593","pp25","beuheid",6.51,5.07,2,671.826417591094,0.671826417591094
"594","pp25","dementheid",6.26,3.83,2,523.218940108001,0.523218940108001
"595","pp25","royaalheid",6.19,6.09,2,487.846106214441,0.487846106214441
"596","pp28","enormheid",6.36,8.42,2,578.246356393727,0.578246356393727
"597","pp28","basaalheid",6.67,3.56,2,788.395604462632,0.788395604462632
"598","pp28","markantheid",6.53,5.16,2,685.398211491809,0.685398211491809
"599","pp28","ontroerdheid",6.58,5.55,2,720.53932924916,0.72053932924916
"600","pp28","lobbigheid",6.55,0,2,699.244173815885,0.699244173815885
"601","pp28","contentheid",6.88,4.5,2,972.626359791884,0.972626359791884
"602","pp28","riantheid",7.05,4.53,2,1152.85874278339,1.15285874278339
"603","pp28","tembaarheid",6.61,0,2,742.483018716623,0.742483018716623
"604","pp28","onattentheid",6.69,1.61,2,804.322252143982,0.804322252143982
"605","pp28","bebrildheid",6.52,3.61,2,678.578385339442,0.678578385339442
"606","pp28","aftandsheid",6.66,4.2,2,780.550937126804,0.780550937126804
"607","pp28","geurloosheid",6.38,2.56,2,589.927707658469,0.589927707658469
"608","pp28","ovaalheid",6.32,5.86,2,555.572992451403,0.555572992451403
"609","pp28","erkendheid",6.21,6.52,2,497.701251286807,0.497701251286807
"610","pp28","coulantheid",6.44,1.79,2,626.406799811489,0.626406799811489
"611","pp28","labielheid",6.21,4.38,2,497.701251286807,0.497701251286807
"612","pp28","visrijkheid",6.26,3.04,2,523.218940108001,0.523218940108001
"613","pp28","ondiepheid",6.25,5.66,2,518.012824668342,0.518012824668342
"614","pp28","onwelheid",6.36,3.97,2,578.246356393727,0.578246356393727
"615","pp28","blusbaarheid",6.36,0,2,578.246356393727,0.578246356393727
"616","pp28","tilbaarheid",7.05,0,2,1152.85874278339,1.15285874278339
"617","pp28","gammelheid",6.46,4.91,2,639.061056569553,0.639061056569553
"618","pp28","koketheid",6.23,4.79,2,507.755483495794,0.507755483495794
"619","pp28","ludiekheid",6.46,4.14,2,639.061056569553,0.639061056569553
"620","pp28","pipsheid",6.46,3.33,2,639.061056569553,0.639061056569553
"621","pp28","banaalheid",6.41,5.74,2,607.893681061474,0.607893681061474
"622","pp28","bezweetheid",6.35,4.75,2,572.492709013671,0.572492709013671
"623","pp28","beschutheid",6.81,4.79,2,906.870806947572,0.906870806947572
"624","pp28","antiekheid",6.41,6.75,2,607.893681061474,0.607893681061474
"625","pp28","tactvolheid",6.41,4.75,2,607.893681061474,0.607893681061474
"626","pp28","jofelheid",6.39,3.33,2,595.856579688016,0.595856579688016
"627","pp28","pitloosheid",6.23,0,2,507.755483495794,0.507755483495794
"628","pp28","summierheid",6.4,5.3,2,601.845037872082,0.601845037872082
"629","pp28","kalkrijkheid",6.57,3.14,2,713.369843132868,0.713369843132868
"630","pp28","onbelastheid",6.56,3.18,2,706.271694595366,0.706271694595366
"631","pp28","kortafheid",6.3,5.87,2,544.571910125929,0.544571910125929
"632","pp28","saprijkheid",6.62,0,2,749.945097111882,0.749945097111882
"633","pp28","beuheid",6.64,5.07,2,765.094993020038,0.765094993020038
"634","pp28","dementheid",6.37,3.83,2,584.057828891295,0.584057828891295
"635","pp28","royaalheid",6.41,6.09,2,607.893681061474,0.607893681061474
"636","pp3","koketheid",6.73,4.79,2,837.147265954143,0.837147265954143
"637","pp3","bezweetheid",6.6,4.75,2,735.095189241973,0.735095189241973
"638","pp3","ondiepheid",6.42,5.66,2,614.003114125552,0.614003114125552
"639","pp3","royaalheid",6.68,6.09,2,796.319112015905,0.796319112015905
"640","pp3","antiekheid",6.58,6.75,2,720.53932924916,0.72053932924916
"641","pp3","beschutheid",6.8,4.79,2,897.847291650418,0.897847291650418
"642","pp3","gammelheid",6.48,4.91,2,651.970946271172,0.651970946271172
"643","pp3","tactvolheid",7.23,4.75,2,1380.22250408705,1.38022250408705
"644","pp3","onattentheid",6.85,1.61,2,943.880906671578,0.943880906671578
"645","pp3","tembaarheid",6.67,0,2,788.395604462632,0.788395604462632
"646","pp3","erkendheid",7.14,6.52,2,1261.4283890983,1.2614283890983
"647","pp3","riantheid",6.54,4.53,2,692.286578036492,0.692286578036492
"648","pp3","beuheid",6.55,5.07,2,699.244173815885,0.699244173815885
"649","pp3","dementheid",6.52,3.83,2,678.578385339442,0.678578385339442
"650","pp3","kortafheid",6.95,5.87,2,1043.1497281803,1.0431497281803
"651","pp3","blusbaarheid",7.03,0,2,1130.03061018637,1.13003061018637
"652","pp3","basaalheid",6.82,3.56,2,915.98501008115,0.91598501008115
"653","pp3","ludiekheid",6.48,4.14,2,651.970946271172,0.651970946271172
"654","pp3","ovaalheid",6.4,5.86,2,601.845037872082,0.601845037872082
"655","pp3","visrijkheid",6.55,3.04,2,699.244173815885,0.699244173815885
"656","pp3","labielheid",6.89,4.38,2,982.401417218259,0.982401417218259
"657","pp3","pitloosheid",6.51,0,2,671.826417591094,0.671826417591094
"658","pp3","jofelheid",6.45,3.33,2,632.702292812254,0.632702292812254
"659","pp3","kalkrijkheid",6.94,3.14,2,1032.7702149604,1.0327702149604
"660","pp3","coulantheid",6.61,1.79,2,742.483018716623,0.742483018716623
"661","pp3","ontroerdheid",6.69,5.55,2,804.322252143982,0.804322252143982
"662","pp3","bebrildheid",6.92,3.61,2,1012.31999453492,1.01231999453492
"663","pp3","markantheid",7.3,5.16,2,1480.29992758455,1.48029992758454
"664","pp3","summierheid",6.81,5.3,2,906.870806947572,0.906870806947572
"665","pp3","enormheid",6.87,8.42,2,962.948565812014,0.962948565812014
"666","pp3","onwelheid",6.78,3.97,2,880.068724107803,0.880068724107803
"667","pp3","tilbaarheid",6.29,0,2,539.153329084643,0.539153329084643
"668","pp3","geurloosheid",6.38,2.56,2,589.927707658469,0.589927707658469
"669","pp3","pipsheid",6.78,3.33,2,880.068724107803,0.880068724107803
"670","pp3","aftandsheid",6.84,4.2,2,934.48913472921,0.93448913472921
"671","pp4","geurloosheid",6.96,2.56,2,1053.63355724232,1.05363355724232
"672","pp4","coulantheid",7.33,1.79,2,1525.38177199056,1.52538177199056
"673","pp4","visrijkheid",7.42,3.04,2,1669.03350774475,1.66903350774475
"674","pp4","ondiepheid",7.08,5.66,2,1187.96851850909,1.18796851850909
"675","pp4","blusbaarheid",6.94,0,2,1032.7702149604,1.0327702149604
"676","pp4","tilbaarheid",6.88,0,2,972.626359791884,0.972626359791884
"677","pp4","gammelheid",7.04,4.91,2,1141.38760662897,1.14138760662897
"678","pp4","beschutheid",7.44,4.79,2,1702.75022115075,1.70275022115075
"679","pp4","tactvolheid",7.2,4.75,2,1339.43076439442,1.33943076439442
"680","pp4","jofelheid",7.29,3.33,2,1465.57069720398,1.46557069720398
"681","pp4","pitloosheid",7.38,0,2,1603.58976783252,1.60358976783252
"682","pp4","kalkrijkheid",6.98,3.14,2,1074.91836699577,1.07491836699577
"683","pp4","onbelastheid",7.44,3.18,2,1702.75022115075,1.70275022115075
"684","pp4","saprijkheid",6.84,0,2,934.48913472921,0.93448913472921
"685","pp4","royaalheid",7.1,6.09,2,1211.96707449258,1.21196707449258
"686","pp5","riantheid",6.97,4.53,2,1064.22275053809,1.06422275053809
"687","pp5","ovaalheid",6.76,5.86,2,862.642195789237,0.862642195789237
"688","pp5","aftandsheid",6.64,4.2,2,765.094993020038,0.765094993020038
"689","pp5","beschutheid",6.83,4.79,2,925.190812479059,0.925190812479059
"690","pp5","dementheid",7.05,3.83,2,1152.85874278339,1.15285874278339
"691","pp5","royaalheid",6.79,6.09,2,888.913561830637,0.888913561830637
"692","pp6","koketheid",6.49,4.79,2,658.523363215221,0.658523363215221
"693","pp6","bezweetheid",6.34,4.75,2,566.796311381596,0.566796311381596
"694","pp6","ondiepheid",6.27,5.66,2,528.477377877687,0.528477377877687
"695","pp6","royaalheid",6.23,6.09,2,507.755483495794,0.507755483495794
"696","pp6","antiekheid",6.27,6.75,2,528.477377877687,0.528477377877687
"697","pp6","beschutheid",6.29,4.79,2,539.153329084643,0.539153329084643
"698","pp6","gammelheid",6.59,4.91,2,727.780869898828,0.727780869898828
"699","pp6","tactvolheid",6.37,4.75,2,584.057828891295,0.584057828891295
"700","pp6","onattentheid",6.63,1.61,2,757.482170641809,0.757482170641809
"701","pp6","tembaarheid",6.35,0,2,572.492709013671,0.572492709013671
"702","pp6","contentheid",6.52,4.5,2,678.578385339442,0.678578385339442
"703","pp6","erkendheid",6.29,6.52,2,539.153329084643,0.539153329084643
"704","pp6","riantheid",6.34,4.53,2,566.796311381596,0.566796311381596
"705","pp6","beuheid",6.39,5.07,2,595.856579688016,0.595856579688016
"706","pp6","dementheid",6.31,3.83,2,550.044948812039,0.550044948812039
"707","pp6","banaalheid",6.38,5.74,2,589.927707658469,0.589927707658469
"708","pp6","kortafheid",6.35,5.87,2,572.492709013671,0.572492709013671
"709","pp6","blusbaarheid",6.44,0,2,626.406799811489,0.626406799811489
"710","pp6","basaalheid",6.32,3.56,2,555.572992451403,0.555572992451403
"711","pp6","ludiekheid",6.28,4.14,2,533.788663825561,0.533788663825561
"712","pp6","ovaalheid",6.21,5.86,2,497.701251286807,0.497701251286807
"713","pp6","visrijkheid",6.29,3.04,2,539.153329084643,0.539153329084643
"714","pp6","lobbigheid",6.61,0,2,742.483018716623,0.742483018716623
"715","pp6","labielheid",6.34,4.38,2,566.796311381596,0.566796311381596
"716","pp6","onbelastheid",6.35,3.18,2,572.492709013671,0.572492709013671
"717","pp6","pitloosheid",6.27,0,2,528.477377877687,0.528477377877687
"718","pp6","jofelheid",6.28,3.33,2,533.788663825561,0.533788663825561
"719","pp6","kalkrijkheid",6.28,3.14,2,533.788663825561,0.533788663825561
"720","pp6","coulantheid",6.3,1.79,2,544.571910125929,0.544571910125929
"721","pp6","ontroerdheid",6.22,5.55,2,502.703232020239,0.502703232020239
"722","pp6","bebrildheid",6.41,3.61,2,607.893681061474,0.607893681061474
"723","pp6","markantheid",6.33,5.16,2,561.156593852991,0.561156593852991
"724","pp6","summierheid",6.56,5.3,2,706.271694595366,0.706271694595366
"725","pp6","enormheid",6.22,8.42,2,502.703232020239,0.502703232020239
"726","pp6","onwelheid",6.58,3.97,2,720.53932924916,0.72053932924916
"727","pp6","tilbaarheid",6.33,0,2,561.156593852991,0.561156593852991
"728","pp6","geurloosheid",6.3,2.56,2,544.571910125929,0.544571910125929
"729","pp6","pipsheid",6.74,3.33,2,845.560735851037,0.845560735851037
"730","pp6","aftandsheid",6.39,4.2,2,595.856579688016,0.595856579688016
"731","pp7","enormheid",6.29,8.42,2,539.153329084643,0.539153329084643
"732","pp7","basaalheid",6.39,3.56,2,595.856579688016,0.595856579688016
"733","pp7","markantheid",7.07,5.16,2,1176.14803424917,1.17614803424917
"734","pp7","ontroerdheid",6.49,5.55,2,658.523363215221,0.658523363215221
"735","pp7","lobbigheid",6.4,0,2,601.845037872082,0.601845037872082
"736","pp7","contentheid",6.35,4.5,2,572.492709013671,0.572492709013671
"737","pp7","riantheid",6.76,4.53,2,862.642195789237,0.862642195789237
"738","pp7","tembaarheid",6.96,0,2,1053.63355724232,1.05363355724232
"739","pp7","onattentheid",6.55,1.61,2,699.244173815885,0.699244173815885
"740","pp7","aftandsheid",7.03,4.2,2,1130.03061018637,1.13003061018637
"741","pp7","geurloosheid",6.27,2.56,2,528.477377877687,0.528477377877687
"742","pp7","erkendheid",6.38,6.52,2,589.927707658469,0.589927707658469
"743","pp7","labielheid",6.76,4.38,2,862.642195789237,0.862642195789237
"744","pp7","visrijkheid",6.49,3.04,2,658.523363215221,0.658523363215221
"745","pp7","ondiepheid",7.21,5.66,2,1352.89226737426,1.35289226737426
"746","pp7","blusbaarheid",7.04,0,2,1141.38760662897,1.14138760662897
"747","pp7","tilbaarheid",6.42,0,2,614.003114125552,0.614003114125552
"748","pp7","gammelheid",6.4,4.91,2,601.845037872082,0.601845037872082
"749","pp7","ludiekheid",6.78,4.14,2,880.068724107803,0.880068724107803
"750","pp7","pipsheid",6.53,3.33,2,685.398211491809,0.685398211491809
"751","pp7","banaalheid",6.4,5.74,2,601.845037872082,0.601845037872082
"752","pp7","bezweetheid",6.34,4.75,2,566.796311381596,0.566796311381596
"753","pp7","beschutheid",6.17,4.79,2,478.186106089261,0.478186106089261
"754","pp7","jofelheid",6.25,3.33,2,518.012824668342,0.518012824668342
"755","pp7","pitloosheid",6.34,0,2,566.796311381596,0.566796311381596
"756","pp7","kalkrijkheid",7,3.14,2,1096.63315842846,1.09663315842846
"757","pp7","onbelastheid",7.32,3.18,2,1510.20396976326,1.51020396976326
"758","pp7","kortafheid",6.57,5.87,2,713.369843132868,0.713369843132868
"759","pp7","saprijkheid",6.88,0,2,972.626359791884,0.972626359791884
"760","pp7","dementheid",6.95,3.83,2,1043.1497281803,1.0431497281803
"761","pp7","royaalheid",6.87,6.09,2,962.948565812014,0.962948565812014
"762","pp8","riantheid",6.82,4.53,2,915.98501008115,0.91598501008115
"763","pp8","beuheid",6.77,5.07,2,871.311893990772,0.871311893990772
"764","pp8","aftandsheid",7.14,4.2,2,1261.4283890983,1.2614283890983
"765","pp8","tactvolheid",7.17,4.75,2,1299.84460280403,1.29984460280403
"766","pp8","tembaarheid",7.36,0,2,1571.83656295772,1.57183656295772
"767","pp8","tilbaarheid",6.97,0,2,1064.22275053809,1.06422275053809
"768","pp8","pitloosheid",7.16,0,2,1286.91093290588,1.28691093290588
"769","pp8","labielheid",6.73,4.38,2,837.147265954143,0.837147265954143
"770","pp8","contentheid",6.87,4.5,2,962.948565812014,0.962948565812014
"771","pp8","saprijkheid",6.87,0,2,962.948565812014,0.962948565812014
"772","pp8","dementheid",6.72,3.83,2,828.81751148147,0.82881751148147
"773","pp8","enormheid",6.45,8.42,2,632.702292812254,0.632702292812254
"774","pp8","royaalheid",6.46,6.09,2,639.061056569553,0.639061056569553
"775","pp8","jofelheid",6.6,3.33,2,735.095189241973,0.735095189241973
"776","pp8","blusbaarheid",6.6,0,2,735.095189241973,0.735095189241973
"777","pp8","basaalheid",7.04,3.56,2,1141.38760662897,1.14138760662897
"778","pp8","kalkrijkheid",7.1,3.14,2,1211.96707449258,1.21196707449258
"779","pp8","ontroerdheid",6.53,5.55,2,685.398211491809,0.685398211491809
"780","pp8","lobbigheid",6.94,0,2,1032.7702149604,1.0327702149604
"781","pp8","banaalheid",7.09,5.74,2,1199.90780061084,1.19990780061084
"782","pp8","erkendheid",6.44,6.52,2,626.406799811489,0.626406799811489
"783","pp8","coulantheid",6.46,1.79,2,639.061056569553,0.639061056569553
"784","pp8","geurloosheid",6.99,2.56,2,1085.72147618592,1.08572147618592
"785","pp8","antiekheid",6.85,6.75,2,943.880906671578,0.943880906671578
"786","pp8","ludiekheid",7.1,4.14,2,1211.96707449258,1.21196707449258
"787","pp8","ondiepheid",7.42,5.66,2,1669.03350774475,1.66903350774475
"788","pp8","pipsheid",6.93,3.33,2,1022.49397962264,1.02249397962264
"789","pp8","bezweetheid",6.55,4.75,2,699.244173815885,0.699244173815885
"790","pp8","koketheid",6.8,4.79,2,897.847291650418,0.897847291650418
"791","pp8","onattentheid",6.74,1.61,2,845.560735851037,0.845560735851037
"792","pp8","onwelheid",6.58,3.97,2,720.53932924916,0.72053932924916
"793","pp8","visrijkheid",6.58,3.04,2,720.53932924916,0.72053932924916
"794","pp9","koketheid",6.39,4.79,2,595.856579688016,0.595856579688016
"795","pp9","bezweetheid",6.23,4.75,2,507.755483495794,0.507755483495794
"796","pp9","ondiepheid",6.13,5.66,2,459.436160679934,0.459436160679934
"797","pp9","saprijkheid",6.63,0,2,757.482170641809,0.757482170641809
"798","pp9","royaalheid",6.09,6.09,2,441.421411145971,0.441421411145971
"799","pp9","antiekheid",6.53,6.75,2,685.398211491809,0.685398211491809
"800","pp9","beschutheid",6.11,4.79,2,450.338715167621,0.450338715167621
"801","pp9","gammelheid",6.57,4.91,2,713.369843132868,0.713369843132868
"802","pp9","tactvolheid",6.17,4.75,2,478.186106089261,0.478186106089261
"803","pp9","onattentheid",6.16,1.61,2,473.428074834835,0.473428074834835
"804","pp9","tembaarheid",6.66,0,2,780.550937126804,0.780550937126804
"805","pp9","contentheid",6.47,4.5,2,645.483726965062,0.645483726965062
"806","pp9","erkendheid",6.19,6.52,2,487.846106214441,0.487846106214441
"807","pp9","riantheid",6.53,4.53,2,685.398211491809,0.685398211491809
"808","pp9","beuheid",6.3,5.07,2,544.571910125929,0.544571910125929
"809","pp9","dementheid",6.31,3.83,2,550.044948812039,0.550044948812039
"810","pp9","banaalheid",6.49,5.74,2,658.523363215221,0.658523363215221
"811","pp9","kortafheid",6.11,5.87,2,450.338715167621,0.450338715167621
"812","pp9","blusbaarheid",6.3,0,2,544.571910125929,0.544571910125929
"813","pp9","basaalheid",6.47,3.56,2,645.483726965062,0.645483726965062
"814","pp9","ludiekheid",6.21,4.14,2,497.701251286807,0.497701251286807
"815","pp9","ovaalheid",6.24,5.86,2,512.858510942829,0.512858510942829
"816","pp9","visrijkheid",6.39,3.04,2,595.856579688016,0.595856579688016
"817","pp9","lobbigheid",6.6,0,2,735.095189241973,0.735095189241973
"818","pp9","labielheid",6.31,4.38,2,550.044948812039,0.550044948812039
"819","pp9","onbelastheid",6.27,3.18,2,528.477377877687,0.528477377877687
"820","pp9","pitloosheid",6.22,0,2,502.703232020239,0.502703232020239
"821","pp9","jofelheid",6.29,3.33,2,539.153329084643,0.539153329084643
"822","pp9","kalkrijkheid",6.23,3.14,2,507.755483495794,0.507755483495794
"823","pp9","coulantheid",6.14,1.79,2,464.053570859276,0.464053570859276
"824","pp9","ontroerdheid",6.15,5.55,2,468.717386782417,0.468717386782417
"825","pp9","bebrildheid",6.7,3.61,2,812.405825167543,0.812405825167543
"826","pp9","markantheid",6.09,5.16,2,441.421411145971,0.441421411145971
"827","pp9","summierheid",6.37,5.3,2,584.057828891295,0.584057828891295
"828","pp9","enormheid",6.21,8.42,2,497.701251286807,0.497701251286807
"829","pp9","tilbaarheid",6.31,0,2,550.044948812039,0.550044948812039
"830","pp9","geurloosheid",6.43,2.56,2,620.173948012713,0.620173948012713
"831","pp9","pipsheid",6.21,3.33,2,497.701251286807,0.497701251286807
"832","pp9","aftandsheid",6.21,4.2,2,497.701251286807,0.497701251286807
"833","pp28","coulantheid",5.89,6.14,2,361.405284372286,0.361405284372286
